20;1465101358;1465101363
4567;1465101358;1465101363
4478;1465101359;1465101363
4575;1465101359;1465101363
4663;1465101359;1465101363
4657;1465101359;1465101363
4803;1465101359;1465101364
4900;1465101359;1465101364
4979;1465101359;1465101364
5014;1465101359;1465101364
5006;1465101359;1465101364
5170;1465101359;1465101364
5202;1465101359;1465101364
5283;1465101359;1465101364
5373;1465101359;1465101364
5446;1465101359;1465101365
5560;1465101359;1465101365
5626;1465101359;1465101365
5780;1465101359;1465101365
5805;1465101359;1465101365
5825;1465101359;1465101365
5908;1465101359;1465101365
5958;1465101359;1465101365
6026;1465101359;1465101365
6114;1465101359;1465101365
6162;1465101359;1465101366
6118;1465101359;1465101366
6172;1465101360;1465101366
6187;1465101360;1465101366
6276;1465101360;1465101366
6333;1465101360;1465101366
6408;1465101360;1465101366
6496;1465101360;1465101366
6546;1465101360;1465101366
6613;1465101360;1465101366
6684;1465101360;1465101366
6759;1465101360;1465101366
6921;1465101360;1465101367
6878;1465101360;1465101367
6953;1465101360;1465101367
7005;1465101360;1465101367
7195;1465101360;1465101367
7136;1465101360;1465101367
7160;1465101360;1465101367
7228;1465101360;1465101367
7424;1465101360;1465101367
7442;1465101360;1465101367
7495;1465101360;1465101368
7721;1465101360;1465101368
7937;1465101360;1465101368
7858;1465101360;1465101368
8109;1465101360;1465101368
8039;1465101360;1465101368
8150;1465101360;1465101368
8208;1465101360;1465101368
8277;1465101360;1465101368
8353;1465101360;1465101369
8436;1465101360;1465101369
8431;1465101360;1465101369
8529;1465101360;1465101369
8590;1465101360;1465101369
8662;1465101360;1465101369
8666;1465101361;1465101369
8748;1465101361;1465101369
8822;1465101361;1465101369
8864;1465101361;1465101369
8892;1465101361;1465101369
8925;1465101361;1465101370
8977;1465101361;1465101370
9052;1465101361;1465101370
9069;1465101361;1465101370
9080;1465101361;1465101370
9144;1465101361;1465101370
9205;1465101361;1465101370
9376;1465101361;1465101370
9455;1465101361;1465101370
9598;1465101361;1465101370
9666;1465101361;1465101371
9741;1465101361;1465101371
9805;1465101361;1465101371
9880;1465101361;1465101371
9913;1465101361;1465101371
9961;1465101361;1465101371
10025;1465101361;1465101371
10108;1465101361;1465101371
10167;1465101361;1465101371
10381;1465101361;1465101371
10435;1465101361;1465101371
10540;1465101361;1465101372
10609;1465101361;1465101372
10666;1465101361;1465101372
10714;1465101361;1465101372
10799;1465101361;1465101372
10905;1465101361;1465101372
11004;1465101361;1465101372
11112;1465101361;1465101372
11186;1465101361;1465101372
11267;1465101361;1465101372
11387;1465101361;1465101373
11481;1465101361;1465101373
11738;1465101361;1465101373
11832;1465101361;1465101373
12027;1465101361;1465101373
12061;1465101361;1465101373
12099;1465101361;1465101373
12318;1465101361;1465101374
12365;1465101361;1465101374
12563;1465101361;1465101374
12788;1465101361;1465101374
12823;1465101361;1465101374
13052;1465101361;1465101374
13110;1465101361;1465101375
13330;1465101361;1465101375
13385;1465101361;1465101375
13593;1465101361;1465101375
13809;1465101362;1465101375
14038;1465101362;1465101376
14254;1465101362;1465101376
14303;1465101362;1465101376
14513;1465101362;1465101376
14886;1465101362;1465101376
14918;1465101362;1465101377
15118;1465101362;1465101377
15131;1465101362;1465101377
15312;1465101362;1465101377
15338;1465101362;1465101377
15539;1465101362;1465101377
15566;1465101362;1465101377
15728;1465101362;1465101377
15881;1465101362;1465101378
15911;1465101362;1465101378
16151;1465101362;1465101378
16359;1465101362;1465101378
16431;1465101362;1465101378
16842;1465101362;1465101379
17028;1465101362;1465101379
17203;1465101362;1465101379
17832;1465101362;1465101380
18592;1465101362;1465101381
19279;1465101362;1465101381
20280;1465101362;1465101382
21743;1465101362;1465101384
23731;1465101362;1465101386
26788;1465101362;1465101389
27421;1465101362;1465101389
28295;1465101362;1465101390
29668;1465101362;1465101392
30478;1465101362;1465101393
31276;1465101362;1465101393
31919;1465101362;1465101394
32453;1465101362;1465101395
33962;1465101362;1465101396
34406;1465101362;1465101397
34599;1465101362;1465101397
36151;1465101362;1465101398
36929;1465101362;1465101399
37216;1465101362;1465101399
37538;1465101362;1465101400
38501;1465101362;1465101401
39459;1465101362;1465101402
41235;1465101362;1465101404
41810;1465101362;1465101404
43349;1465101362;1465101406
44797;1465101362;1465101407
45895;1465101362;1465101408
46494;1465101362;1465101409
47603;1465101362;1465101410
48122;1465101362;1465101411
48984;1465101362;1465101411
